{"cid":[3,1,2,0],"_timestamp":1.7388695198312633e+09,"_runtime":194.053937844,"_step":29,"Aggregated roc_auc":0.8507205065275932,"Agregated Accuracy":0.7244094488188977,"Aggregated loss":0.64211838088167,"_wandb":{"runtime":194}}