Epoch,Accuracy
1,0.6741844542891663
2,0.6677406363270237
3,0.6580749093838099
4,0.6584776480064438
5,0.6524365686669351
