Epoch,AUC
1,0.5456035765604774
2,0.5866271650201672
