{"cid":[0,1,2,3],"_timestamp":1.7389979414309962e+09,"_runtime":809.603353696,"_step":29,"Aggregated roc_auc":0.8511014248218972,"Agregated Accuracy":0.7204724409448819,"Aggregated loss":0.6415010605036743,"_wandb":{"runtime":809}}