Epoch,Accuracy
1,0.3419250906161901
2,0.3407168747482884
