Iteration,Epsilon,Delta,Dynamic_Noise_Multiplier,Mean_Performance,Seed
1,,,461.8661642074585,0.5308100231070408,42
1,,,459.2552000284195,0.5307503696368445,42
