Epoch,Accuracy
1,0.35105551211884284
2,0.3502736512900704
3,0.3502736512900704
4,0.3502736512900704
5,0.3502736512900704
6,0.3502736512900704
7,0.3502736512900704
8,0.3502736512900704
9,0.3502736512900704
10,0.3502736512900704
