Epoch,AUC
1,0.3712512512345969
2,0.4061668371490468
3,0.4312673173831387
4,0.44949334288306547
5,0.46296270648999244
6,0.47215071228712896
7,0.48012737752916756
8,0.4867864647952845
9,0.4928310642782211
10,0.4979834073907945
