Epoch,AUC
1,0.9136487085523237
2,0.9122972121312665
3,0.911279071094018
4,0.9130985899073285
5,0.9103161857948601
