Epoch,Accuracy
1,0.5136825645035183
2,0.5465207193119624
3,0.5355746677091477
4,0.5551211884284597
5,0.5363565285379203
6,0.5590304925723222
7,0.5590304925723222
8,0.562157935887412
9,0.563721657544957
10,0.5668491008600469
