Epoch,Loss
1,142.03716576099396
2,135.853098154068
