{"_wandb":{"runtime":829},"Aggregated roc_auc":0.8519495432389134,"Agregated Accuracy":0.7244094488188977,"Aggregated loss":0.6412549814370674,"cid":[1,3,2,0],"_timestamp":1.7389978023187375e+09,"_runtime":829.755081998,"_step":29}