Epoch,Loss
1,1.3041349914925644
2,1.3200830717841512
3,1.3802238330695114
4,1.3488902609481765
5,1.4033728663449896
